{
    "ViewPoints": {
        "ViewPoint0": {
            "WP": {
                "X": "4.7735120539389824",
                "Y": "3.8328469208997324",
                "Z": "1.2"
            },
            "DD": {
                "X": "5.5490000000000004",
                "Y": "5.6109999999999998",
                "Z": "1.2"
            },
            "Angle": "60",
            "Name": "Nézet_00"
        },
        "ViewPoint1": {
            "WP": {
                "X": "6.7960574497582895",
                "Y": "3.8665153762376452",
                "Z": "1.1000000000000001"
            },
            "DD": {
                "X": "5.6807236766650355",
                "Y": "5.4537269254009129",
                "Z": "1.1000000000000001"
            },
            "Angle": "60",
            "Name": "Nézet_01"
        },
        "ViewPoint2": {
            "WP": {
                "X": "7.2190000000000003",
                "Y": "4.9340000000000002",
                "Z": "1.1000000000000001"
            },
            "DD": {
                "X": "6.5010000000000003",
                "Y": "5.1660000000000004",
                "Z": "1.1000000000000001"
            },
            "Angle": "60",
            "Name": "Nézet_02"
        },
        "ViewPoint3": {
            "WP": {
                "X": "3.7979672253722518",
                "Y": "5.7866531356816555",
                "Z": "1.3999999999999999"
            },
            "DD": {
                "X": "5.4036900492346929",
                "Y": "4.416520881744411",
                "Z": "1.3999999999999999"
            },
            "Angle": "60",
            "Name": "Nézet_03"
        }
    }
}
