{
  "ViewPoints": {
    "ViewPoint3": {
      "WP": {
        "X": "1.5451253402134575",
        "Y": "11.419339211955274",
        "Z": "6.644443365933888"
      },
      "DD": {
        "X": "2.112369368837291",
        "Y": "7.016463171415515",
        "Z": "3.1416099723501154"
      },
      "Angle": "60",
      "Name": "ViewPoint3"
    },
    "ViewPoint4": {
      "WP": {
        "X": "6.739837299206915",
        "Y": "4.536568170335757",
        "Z": "5.2531830203816705"
      },
      "DD": {
        "X": "1.8470879816281833",
        "Y": "6.543182460470851",
        "Z": "3.25032800677421"
      },
      "Angle": "60",
      "Name": "ViewPoint4"
    }
  }
}