{
    "ViewPoints": {
        "ViewPoint0": {
            "WP": {
                "X": "246.82508129387156",
                "Y": "-18.65742606430307",
                "Z": "160.38254589236334"
            },
            "DD": {
                "X": "224.24246215820312",
                "Y": "3.9251930713653564",
                "Z": "137.7999267566949"
            },
            "Angle": "60",
            "Name": "ViewPoint0"
        },
        "ViewPoint3": {
            "WP": {
                "X": "258.95592533674983",
                "Y": "2.938803814064328",
                "Z": "155.79788695958268"
            },
            "DD": {
                "X": "224.24246215820304",
                "Y": "3.9251930713654035",
                "Z": "137.79992675669482"
            },
            "Angle": "60",
            "Name": "ViewPoint3"
        },
        "ViewPoint1": {
            "WP": {
                "X": "205.2469514483377",
                "Y": "-19.76007064206553",
                "Z": "162.45966959348453"
            },
            "DD": {
                "X": "224.24246215820298",
                "Y": "3.9251930713653636",
                "Z": "137.79992675669476"
            },
            "Angle": "60",
            "Name": "ViewPoint1"
        },
        "ViewPoint2": {
            "WP": {
                "X": "244.85403710992844",
                "Y": "32.48827260907211",
                "Z": "154.8069113927794"
            },
            "DD": {
                "X": "224.24246215820298",
                "Y": "3.9251930713653778",
                "Z": "137.79992675669476"
            },
            "Angle": "60",
            "Name": "ViewPoint2"
        }
    }
}